{"file_hashes":[{"block_hashes":["qhIgWxCHUM+foJeEYabYiB5OgNogqEbYJNpAadnJGEc="],"block_size":4096,"path":"_locales/af/messages.json"},{"block_hashes":["3fFoWaFfPrMzTWJBl1yjmIrD6vw9lkUqw6Sv02RMhVA="],"block_size":4096,"path":"_locales/be/messages.json"},{"block_hashes":["pIJmMpKpE7AqnN5GNcfJInC/PIcm/SdEddwsSQAZp8k="],"block_size":4096,"path":"_locales/cy/messages.json"},{"block_hashes":["pBZw1SQjumnHpl5+FT57mZTo3QNwxYS9oHFL1hxJxXg="],"block_size":4096,"path":"_locales/eu/messages.json"},{"block_hashes":["mJBxDfD78dtBvOQf4vYkJKO9OddV0p6Cl0TtPaDCzh0="],"block_size":4096,"path":"_locales/gl/messages.json"},{"block_hashes":["Cxbj+L2QSnZyhDRa6GoKmSfEev6J4F6isTrYAAm9+eQ="],"block_size":4096,"path":"_locales/hy/messages.json"},{"block_hashes":["4WMl0aZB73Qh8rr81kM9U1Q8idSY3ZZBmwPLpgucfWA="],"block_size":4096,"path":"_locales/is/messages.json"},{"block_hashes":["u7gcMvSCujIWybEYnHDO85yowhga81OP+ge0xq1S8Go="],"block_size":4096,"path":"_locales/iw/messages.json"},{"block_hashes":["MImLv1G91Y2zl/94DwYeM0MaOO9c/CiLUXfs92s5nyY="],"block_size":4096,"path":"_locales/ka/messages.json"},{"block_hashes":["VI3GyW4xoWzjVdxVxkgzsI7z+6i/MxSQMbSmhZWeOvQ="],"block_size":4096,"path":"_locales/kk/messages.json"},{"block_hashes":["phGPCg3jKeB8AfU81vtP7UPlTF9T20zRx/WytNn7EOY="],"block_size":4096,"path":"_locales/km/messages.json"},{"block_hashes":["iQgvsFIpgmvCIvXSLBWCNfAl8ObfZ/8TWhi9iZ4Tu48="],"block_size":4096,"path":"_locales/lo/messages.json"},{"block_hashes":["YT2HUfbMnT+jGfS36osr077Tf9B3SCyoJZKd18Eqaag="],"block_size":4096,"path":"_locales/mn/messages.json"},{"block_hashes":["JDvvvWtnohQz3Ml9wacoiW06Bw3CAFXrBNZE4buVX+c="],"block_size":4096,"path":"_locales/my/messages.json"},{"block_hashes":["s+HGRYr0i5xQgEp2p+belX6TNgh3nF8eihdmYjvR8d8="],"block_size":4096,"path":"_locales/ne/messages.json"},{"block_hashes":["s+zieZQ7KMjYVeyGrBzlO9+2pwkkDWU1CHZEk6dfdRg="],"block_size":4096,"path":"_locales/no/messages.json"},{"block_hashes":["lMKAtddlshszs3A+5EhRfTuaSnmdsf/uMNSSbcQAO9o="],"block_size":4096,"path":"_locales/pa/messages.json"},{"block_hashes":["VCQevmUag0QjXMR6/SdMCAq668jDolr7ldg3O2pWcKI="],"block_size":4096,"path":"_locales/si/messages.json"},{"block_hashes":["UEVJBXpqGCpATDYRLSRQhkpstFdM0Oj0NcpVb6xSqwo="],"block_size":4096,"path":"_locales/ur/messages.json"},{"block_hashes":["MPRM+tBS1z2G0S+iDPwRFWOjsuRSO0P31m2TS6jazpE="],"block_size":4096,"path":"_locales/zh_HK/messages.json"},{"block_hashes":["7Hjd1MzzK1127HAaIBZ8P70UbXmlBeT7BCH8Hlz0qmM="],"block_size":4096,"path":"_locales/zu/messages.json"},{"block_hashes":["bGnOD+b6sU8ZkKMg1wT+42LBdcAOtskiSqb0EQiRjKY="],"block_size":4096,"path":"dasherSettingSchema.json"},{"block_hashes":["LqkF7pROnlyS8wIPN88Rl1raKh+hWxi2IghKjgjLuKQ=","ZE0pFsbLzte/avbi7Jcxr00D3zbJ62qra9gkk3cluHE=","cxOiLd3YNDdP+rVsmCJi35zvufLFNxo1lP5/q4qkLKo=","idG9DhzfdsfmxrBGznPlKh1JT5JdG8tJ4zCbbTqcsFM=","CjvCVrdY/HjDS4UmYjZg37ojMca1c6p8Yh3fOX+uKrs=","hXjMz7br9I+hWtHixVuvn8OAL0/xS6mh6G10c0bsbNU=","WVGF9PJIKOTM1dTEO3WgGZbnPCuQBqvH2a3WfPBym/I=","Ey2kWJgAYaawsd11jPvQW78vjpWgGxd2zLaOH30Br28=","6mHUtEBGcekoVVCad6kS19TshB5Fz+6u/IVo000x3XM=","ZrTBcZJ3wJrIMrgIJp0lvUtOEjwn+MfBdOt0oQyzsHw=","J3ooUiLpeV3mOY3OTrMUgmKNEotrqATkl8gIbUmY5V0=","dxNBiCHDjP6M98cj6O/Nx4wlsMPxp2Ukyf1Iyd4VnBE=","vLOQwuKg6T1q7Gq/woQH1ERqGSRr7guvMxfQhmLnVZI=","x4MgDTlQZ6u7PyBjS7/SVnd9XODfXoqk65VW5sH6gbk=","1DE45fJSj11ChbnAkyyjZ6XvUspPCHYFnus+ruIQmi4="],"block_size":4096,"path":"eventpage_bin_prod.js"},{"block_hashes":["4cTgFQUT+YApWwaUZvx2JLc+/GFTpKzAzBM0dyoRN8A="],"block_size":4096,"path":"page_embed_script.js"}],"version":2}